<?xml version="1.0" encoding="UTF-8"?>
<beans xmlns="http://www.springframework.org/schema/beans"
	xmlns:xsi="http://www.w3.org/2001/XMLSchema-instance"
	xmlns:context="http://www.springframework.org/schema/context"
	xmlns:mvc="http://www.springframework.org/schema/mvc"
	xsi:schemaLocation="http://www.springframework.org/schema/mvc http://www.springframework.org/schema/mvc/spring-mvc-4.1.xsd
		http://www.springframework.org/schema/beans http://www.springframework.org/schema/beans/spring-beans.xsd
		http://www.springframework.org/schema/context http://www.springframework.org/schema/context/spring-context-4.1.xsd">

	<!-- SpringMVC配置文件    主要配置控制层相关 -->
	
	<context:component-scan base-package="com.haohao.project" use-default-filters="false">
		<context:include-filter type="annotation" expression="org.springframework.stereotype.Controller"/>
	</context:component-scan>
	
	<bean class="org.springframework.web.servlet.view.InternalResourceViewResolver">
		<property name="prefix" value="/WEB-INF/views/"></property>
		<property name="suffix" value=".jsp"></property>
	</bean>
	
	<mvc:default-servlet-handler/>
	<mvc:annotation-driven></mvc:annotation-driven>
	
	<mvc:interceptors>
		<mvc:interceptor>
			<mvc:mapping path="/books"/>
			<mvc:mapping path="/book"/>
			<mvc:mapping path="/book/*"/>
			<bean class="com.haohao.project.controller.UrlController"></bean> 
		</mvc:interceptor>
	</mvc:interceptors>
	
	<bean class="org.springframework.web.multipart.commons.CommonsMultipartResolver"
		 id="multipartResolver">
	 	<property name="defaultEncoding" value="UTF-8"></property>
	 	<property name="maxUploadSize" value="102400000"></property>
	 </bean>
	
</beans>
