<?xml version="1.0" encoding="UTF-8"?>
<!DOCTYPE generatorConfiguration
  PUBLIC "-//mybatis.org//DTD MyBatis Generator Configuration 1.0//EN"
  "http://mybatis.org/dtd/mybatis-generator-config_1_0.dtd">

<generatorConfiguration>
	<context id="DB2Tables" targetRuntime="MyBatis3">
		
		<commentGenerator>
			<property name="suppressAllComments" value="true" />
		</commentGenerator>
	
		<jdbcConnection 
			driverClass="com.mysql.jdbc.Driver"
			connectionURL="jdbc:mysql:///ssm" 
			userId="root" 
			password="123456">
		</jdbcConnection>

		<javaTypeResolver>
			<property name="forceBigDecimals" value="false" />
		</javaTypeResolver>

		<javaModelGenerator 
			targetPackage="com.haohao.project.bean"
			targetProject=".\src\main\java">
			<property name="enableSubPackages" value="true" />
			<property name="trimStrings" value="true" />
		</javaModelGenerator>

		<sqlMapGenerator 
			targetPackage="mapper"
			targetProject=".\src\main\resources">
			<property name="enableSubPackages" value="true" />
		</sqlMapGenerator>

		<javaClientGenerator 
			type="XMLMAPPER"
			targetPackage="com.haohao.project.dao" 
			targetProject=".\src\main\java">
			<property name="enableSubPackages" value="true" />
		</javaClientGenerator>

		<!-- 表生成策略 -->
		<table tableName="tbl_book" domainObjectName="Book"></table>
		<table tableName="tbl_booktype" domainObjectName="BookType"></table>
	</context>
</generatorConfiguration>