<?xml version="1.0" encoding="UTF-8"?>
<!DOCTYPE mapper PUBLIC "-//mybatis.org//DTD Mapper 3.0//EN" "http://mybatis.org/dtd/mybatis-3-mapper.dtd">
<mapper namespace="com.haohao.project.dao.BookTypeMapper">
  <resultMap id="BaseResultMap" type="com.haohao.project.bean.BookType">
    <id column="type_id" jdbcType="INTEGER" property="typeId" />
    <result column="type_name" jdbcType="VARCHAR" property="typeName" />
  </resultMap>
  <sql id="Example_Where_Clause">
    <where>
      <foreach collection="oredCriteria" item="criteria" separator="or">
        <if test="criteria.valid">
          <trim prefix="(" prefixOverrides="and" suffix=")">
            <foreach collection="criteria.criteria" item="criterion">
              <choose>
                <when test="criterion.noValue">
                  and ${criterion.condition}
                </when>
                <when test="criterion.singleValue">
                  and ${criterion.condition} #{criterion.value}
                </when>
                <when test="criterion.betweenValue">
                  and ${criterion.condition} #{criterion.value} and #{criterion.secondValue}
                </when>
                <when test="criterion.listValue">
                  and ${criterion.condition}
                  <foreach close=")" collection="criterion.value" item="listItem" open="(" separator=",">
                    #{listItem}
                  </foreach>
                </when>
              </choose>
            </foreach>
          </trim>
        </if>
      </foreach>
    </where>
  </sql>
  <sql id="Update_By_Example_Where_Clause">
    <where>
      <foreach collection="example.oredCriteria" item="criteria" separator="or">
        <if test="criteria.valid">
          <trim prefix="(" prefixOverrides="and" suffix=")">
            <foreach collection="criteria.criteria" item="criterion">
              <choose>
                <when test="criterion.noValue">
                  and ${criterion.condition}
                </when>
                <when test="criterion.singleValue">
                  and ${criterion.condition} #{criterion.value}
                </when>
                <when test="criterion.betweenValue">
                  and ${criterion.condition} #{criterion.value} and #{criterion.secondValue}
                </when>
                <when test="criterion.listValue">
                  and ${criterion.condition}
                  <foreach close=")" collection="criterion.value" item="listItem" open="(" separator=",">
                    #{listItem}
                  </foreach>
                </when>
              </choose>
            </foreach>
          </trim>
        </if>
      </foreach>
    </where>
  </sql>
  <sql id="Base_Column_List">
    type_id, type_name
  </sql>
  <select id="selectByExample" parameterType="com.haohao.project.bean.BookTypeExample" resultMap="BaseResultMap">
    select
    <if test="distinct">
      distinct
    </if>
    <include refid="Base_Column_List" />
    from tbl_booktype
    <if test="_parameter != null">
      <include refid="Example_Where_Clause" />
    </if>
    <if test="orderByClause != null">
      order by ${orderByClause}
    </if>
  </select>
  <select id="selectByPrimaryKey" parameterType="java.lang.Integer" resultMap="BaseResultMap">
    select 
    <include refid="Base_Column_List" />
    from tbl_booktype
    where type_id = #{typeId,jdbcType=INTEGER}
  </select>
  <delete id="deleteByPrimaryKey" parameterType="java.lang.Integer">
    delete from tbl_booktype
    where type_id = #{typeId,jdbcType=INTEGER}
  </delete>
  <delete id="deleteByExample" parameterType="com.haohao.project.bean.BookTypeExample">
    delete from tbl_booktype
    <if test="_parameter != null">
      <include refid="Example_Where_Clause" />
    </if>
  </delete>
  <insert id="insert" parameterType="com.haohao.project.bean.BookType">
    insert into tbl_booktype (type_id, type_name)
    values (#{typeId,jdbcType=INTEGER}, #{typeName,jdbcType=VARCHAR})
  </insert>
  <insert id="insertSelective" parameterType="com.haohao.project.bean.BookType">
    insert into tbl_booktype
    <trim prefix="(" suffix=")" suffixOverrides=",">
      <if test="typeId != null">
        type_id,
      </if>
      <if test="typeName != null">
        type_name,
      </if>
    </trim>
    <trim prefix="values (" suffix=")" suffixOverrides=",">
      <if test="typeId != null">
        #{typeId,jdbcType=INTEGER},
      </if>
      <if test="typeName != null">
        #{typeName,jdbcType=VARCHAR},
      </if>
    </trim>
  </insert>
  <select id="countByExample" parameterType="com.haohao.project.bean.BookTypeExample" resultType="java.lang.Long">
    select count(*) from tbl_booktype
    <if test="_parameter != null">
      <include refid="Example_Where_Clause" />
    </if>
  </select>
  <update id="updateByExampleSelective" parameterType="map">
    update tbl_booktype
    <set>
      <if test="record.typeId != null">
        type_id = #{record.typeId,jdbcType=INTEGER},
      </if>
      <if test="record.typeName != null">
        type_name = #{record.typeName,jdbcType=VARCHAR},
      </if>
    </set>
    <if test="_parameter != null">
      <include refid="Update_By_Example_Where_Clause" />
    </if>
  </update>
  <update id="updateByExample" parameterType="map">
    update tbl_booktype
    set type_id = #{record.typeId,jdbcType=INTEGER},
      type_name = #{record.typeName,jdbcType=VARCHAR}
    <if test="_parameter != null">
      <include refid="Update_By_Example_Where_Clause" />
    </if>
  </update>
  <update id="updateByPrimaryKeySelective" parameterType="com.haohao.project.bean.BookType">
    update tbl_booktype
    <set>
      <if test="typeName != null">
        type_name = #{typeName,jdbcType=VARCHAR},
      </if>
    </set>
    where type_id = #{typeId,jdbcType=INTEGER}
  </update>
  <update id="updateByPrimaryKey" parameterType="com.haohao.project.bean.BookType">
    update tbl_booktype
    set type_name = #{typeName,jdbcType=VARCHAR}
    where type_id = #{typeId,jdbcType=INTEGER}
  </update>
</mapper>