<?xml version="1.0" encoding="UTF-8"?>
<!DOCTYPE mapper PUBLIC "-//mybatis.org//DTD Mapper 3.0//EN" "http://mybatis.org/dtd/mybatis-3-mapper.dtd">
<mapper namespace="com.haohao.project.dao.BookMapper">
  <resultMap id="BaseResultMap" type="com.haohao.project.bean.Book">
    <id column="book_id" jdbcType="INTEGER" property="bookId" />
    <result column="book_name" jdbcType="VARCHAR" property="bookName" />
    <result column="book_price" jdbcType="INTEGER" property="bookPrice" />
    <result column="book_num" jdbcType="INTEGER" property="bookNum" />
    <result column="t_id" jdbcType="INTEGER" property="tId" />
  </resultMap>
  <resultMap type="com.haohao.project.bean.Book" id="WithTypeResultMap">
  	<id column="book_id" jdbcType="INTEGER" property="bookId" />
    <result column="book_name" jdbcType="VARCHAR" property="bookName" />
    <result column="book_price" jdbcType="INTEGER" property="bookPrice" />
    <result column="book_num" jdbcType="INTEGER" property="bookNum" />
    <result column="t_id" jdbcType="INTEGER" property="tId" />
    <association property="bookType" javaType="com.haohao.project.bean.BookType">
    	<id column="type_id" property="typeId"/>
    	<result column="type_name" property="typeName"/>
    </association>
  </resultMap>
  <sql id="Example_Where_Clause">
    <where>
      <foreach collection="oredCriteria" item="criteria" separator="or">
        <if test="criteria.valid">
          <trim prefix="(" prefixOverrides="and" suffix=")">
            <foreach collection="criteria.criteria" item="criterion">
              <choose>
                <when test="criterion.noValue">
                  and ${criterion.condition}
                </when>
                <when test="criterion.singleValue">
                  and ${criterion.condition} #{criterion.value}
                </when>
                <when test="criterion.betweenValue">
                  and ${criterion.condition} #{criterion.value} and #{criterion.secondValue}
                </when>
                <when test="criterion.listValue">
                  and ${criterion.condition}
                  <foreach close=")" collection="criterion.value" item="listItem" open="(" separator=",">
                    #{listItem}
                  </foreach>
                </when>
              </choose>
            </foreach>
          </trim>
        </if>
      </foreach>
    </where>
  </sql>
  <sql id="Update_By_Example_Where_Clause">
    <where>
      <foreach collection="example.oredCriteria" item="criteria" separator="or">
        <if test="criteria.valid">
          <trim prefix="(" prefixOverrides="and" suffix=")">
            <foreach collection="criteria.criteria" item="criterion">
              <choose>
                <when test="criterion.noValue">
                  and ${criterion.condition}
                </when>
                <when test="criterion.singleValue">
                  and ${criterion.condition} #{criterion.value}
                </when>
                <when test="criterion.betweenValue">
                  and ${criterion.condition} #{criterion.value} and #{criterion.secondValue}
                </when>
                <when test="criterion.listValue">
                  and ${criterion.condition}
                  <foreach close=")" collection="criterion.value" item="listItem" open="(" separator=",">
                    #{listItem}
                  </foreach>
                </when>
              </choose>
            </foreach>
          </trim>
        </if>
      </foreach>
    </where>
  </sql>
  <sql id="Base_Column_List">
    book_id, book_name, book_price, book_num, t_id
  </sql>
  <sql id="WithType_Column_List">
  	book_id, book_name, book_price, book_num, t_id, type_id, type_name
  </sql>
  <select id="selectByExample" parameterType="com.haohao.project.bean.BookExample" resultMap="BaseResultMap">
    select
    <if test="distinct">
      distinct
    </if>
    <include refid="Base_Column_List" />
    from tbl_book
    <if test="_parameter != null">
      <include refid="Example_Where_Clause" />
    </if>
    <if test="orderByClause != null">
      order by ${orderByClause}
    </if>
  </select>
  <select id="selectByPrimaryKey" parameterType="java.lang.Integer" resultMap="BaseResultMap">
    select 
    <include refid="Base_Column_List" />
    from tbl_book
    where book_id = #{bookId,jdbcType=INTEGER}
  </select>
  <select id="selectByExampleWithType" resultMap="WithTypeResultMap">
  	select
    <if test="distinct">
      distinct
    </if>
    <include refid="WithType_Column_List" />
    from tbl_book left join tbl_booktype
    on t_id = type_id
    <if test="_parameter != null">
      <include refid="Example_Where_Clause" />
    </if>
    <if test="orderByClause != null">
      order by ${orderByClause}
    </if>
  </select>
  <select id="selectByPrimaryKeyWithType" resultMap="WithTypeResultMap">
  	select 
    <include refid="WithType_Column_List" />
    from tbl_book left join tbl_booktype
    on t_id = type_id
    where book_id = #{bookId,jdbcType=INTEGER}
  </select>
  <delete id="deleteByPrimaryKey" parameterType="java.lang.Integer">
    delete from tbl_book
    where book_id = #{bookId,jdbcType=INTEGER}
  </delete>
  <delete id="deleteByExample" parameterType="com.haohao.project.bean.BookExample">
    delete from tbl_book
    <if test="_parameter != null">
      <include refid="Example_Where_Clause" />
    </if>
  </delete>
  <insert id="insert" parameterType="com.haohao.project.bean.Book">
    insert into tbl_book (book_id, book_name, book_price, 
      book_num, t_id)
    values (#{bookId,jdbcType=INTEGER}, #{bookName,jdbcType=VARCHAR}, #{bookPrice,jdbcType=INTEGER}, 
      #{bookNum,jdbcType=INTEGER}, #{tId,jdbcType=INTEGER})
  </insert>
  <insert id="insertSelective" parameterType="com.haohao.project.bean.Book">
    insert into tbl_book
    <trim prefix="(" suffix=")" suffixOverrides=",">
      <if test="bookId != null">
        book_id,
      </if>
      <if test="bookName != null">
        book_name,
      </if>
      <if test="bookPrice != null">
        book_price,
      </if>
      <if test="bookNum != null">
        book_num,
      </if>
      <if test="tId != null">
        t_id,
      </if>
    </trim>
    <trim prefix="values (" suffix=")" suffixOverrides=",">
      <if test="bookId != null">
        #{bookId,jdbcType=INTEGER},
      </if>
      <if test="bookName != null">
        #{bookName,jdbcType=VARCHAR},
      </if>
      <if test="bookPrice != null">
        #{bookPrice,jdbcType=INTEGER},
      </if>
      <if test="bookNum != null">
        #{bookNum,jdbcType=INTEGER},
      </if>
      <if test="tId != null">
        #{tId,jdbcType=INTEGER},
      </if>
    </trim>
  </insert>
  <select id="countByExample" parameterType="com.haohao.project.bean.BookExample" resultType="java.lang.Long">
    select count(*) from tbl_book
    <if test="_parameter != null">
      <include refid="Example_Where_Clause" />
    </if>
  </select>
  <update id="updateByExampleSelective" parameterType="map">
    update tbl_book
    <set>
      <if test="record.bookId != null">
        book_id = #{record.bookId,jdbcType=INTEGER},
      </if>
      <if test="record.bookName != null">
        book_name = #{record.bookName,jdbcType=VARCHAR},
      </if>
      <if test="record.bookPrice != null">
        book_price = #{record.bookPrice,jdbcType=INTEGER},
      </if>
      <if test="record.bookNum != null">
        book_num = #{record.bookNum,jdbcType=INTEGER},
      </if>
      <if test="record.tId != null">
        t_id = #{record.tId,jdbcType=INTEGER},
      </if>
    </set>
    <if test="_parameter != null">
      <include refid="Update_By_Example_Where_Clause" />
    </if>
  </update>
  <update id="updateByExample" parameterType="map">
    update tbl_book
    set book_id = #{record.bookId,jdbcType=INTEGER},
      book_name = #{record.bookName,jdbcType=VARCHAR},
      book_price = #{record.bookPrice,jdbcType=INTEGER},
      book_num = #{record.bookNum,jdbcType=INTEGER},
      t_id = #{record.tId,jdbcType=INTEGER}
    <if test="_parameter != null">
      <include refid="Update_By_Example_Where_Clause" />
    </if>
  </update>
  <update id="updateByPrimaryKeySelective" parameterType="com.haohao.project.bean.Book">
    update tbl_book
    <set>
      <if test="bookName != null">
        book_name = #{bookName,jdbcType=VARCHAR},
      </if>
      <if test="bookPrice != null">
        book_price = #{bookPrice,jdbcType=INTEGER},
      </if>
      <if test="bookNum != null">
        book_num = #{bookNum,jdbcType=INTEGER},
      </if>
      <if test="tId != null">
        t_id = #{tId,jdbcType=INTEGER},
      </if>
    </set>
    where book_id = #{bookId,jdbcType=INTEGER}
  </update>
  <update id="updateByPrimaryKey" parameterType="com.haohao.project.bean.Book">
    update tbl_book
    set book_name = #{bookName,jdbcType=VARCHAR},
      book_price = #{bookPrice,jdbcType=INTEGER},
      book_num = #{bookNum,jdbcType=INTEGER},
      t_id = #{tId,jdbcType=INTEGER}
    where book_id = #{bookId,jdbcType=INTEGER}
  </update>
</mapper>